"ID","OUTFIELD1","OUTFIELD2","OUTFIELD3","OUTFIELD4","OUTFIELD5"
"","Upload ReposrtsUsing Web App","Report Generator","Report Generator2Report generator3","22.081","7.1"
ID,OUTFIELD1,OUTFIELD2,OUTFIELD3,OUTFIELD4,OUTFIELD5
,Upload ReposrtsUsing Web App,Report Generator,Report Generator2Report generator3,22.081,7.1
ID,OUTFIELD1,OUTFIELD2,OUTFIELD3,OUTFIELD4,OUTFIELD5
,Upload ReposrtsUsing Web App,Report Generator,Report Generator2Report generator3,22.081,7.1
ID,OUTFIELD1,OUTFIELD2,OUTFIELD3,OUTFIELD4,OUTFIELD5
,Upload ReposrtsUsing Web App,Report Generator,Report Generator2Report generator3,22.081,7.1
ID,OUTFIELD1,OUTFIELD2,OUTFIELD3,OUTFIELD4,OUTFIELD5
,Upload ReposrtsUsing Web App,Report Generator,Report Generator2Report generator3,22.081,7.1
ID,OUTFIELD1,OUTFIELD2,OUTFIELD3,OUTFIELD4,OUTFIELD5
,Upload ReposrtsUsing Web App,Report Generator,Report Generator2Report generator3,22.081,7.1
ID,OUTFIELD1,OUTFIELD2,OUTFIELD3,OUTFIELD4,OUTFIELD5
,Upload ReposrtsUsing Web App,Report Generator,Report Generator2Report generator3,22.081000,7.10
ID,OUTFIELD1,OUTFIELD2,OUTFIELD3,OUTFIELD4,OUTFIELD5
,Upload ReposrtsUsing Web App,Report Generator,Report Generator2Report generator3,22.081,7.1
ID,OUTFIELD1,OUTFIELD2,OUTFIELD3,OUTFIELD4,OUTFIELD5
,Upload ReposrtsUsing Web App,Report Generator,Report Generator2Report generator3,22.081,7.1
ID,OUTFIELD1,OUTFIELD2,OUTFIELD3,OUTFIELD4,OUTFIELD5
,Upload ReposrtsUsing Web App,Report Generator,Report Generator2Report generator3,22.081,7.1
ID,OUTFIELD1,OUTFIELD2,OUTFIELD3,OUTFIELD4,OUTFIELD5
,Upload ReposrtsUsing Web App,Report Generator,Report Generator2Report generator3,22.081,7.1
ID,OUTFIELD1,OUTFIELD2,OUTFIELD3,OUTFIELD4,OUTFIELD5
,Upload ReposrtsUsing Web App,Report Generator,Report Generator2Report generator3,22.081,7.1
ID,OUTFIELD1,OUTFIELD2,OUTFIELD3,OUTFIELD4,OUTFIELD5
,Upload ReposrtsUsing Web App,Report Generator,Report Generator2Report generator3,22.081,7.1
ID,OUTFIELD1,OUTFIELD2,OUTFIELD3,OUTFIELD4,OUTFIELD5
,Upload ReposrtsUsing Web App,Report Generator,Report Generator2Report generator3,22.081000,7.10
ID,OUTFIELD1,OUTFIELD2,OUTFIELD3,OUTFIELD4,OUTFIELD5
,Upload ReposrtsUsing Web App,Report Generator,Report Generator2Report generator3,22.081,7.1
ID,OUTFIELD1,OUTFIELD2,OUTFIELD3,OUTFIELD4,OUTFIELD5
,Upload ReposrtsUsing Web App,Report Generator,Report Generator2Report generator3,22.081000,7.10
ID,OUTFIELD1,OUTFIELD2,OUTFIELD3,OUTFIELD4,OUTFIELD5
,Upload ReposrtsUsing Web App,Report Generator,Report Generator2Report generator3,22.081,7.1
ID,OUTFIELD1,OUTFIELD2,OUTFIELD3,OUTFIELD4,OUTFIELD5
,Upload ReposrtsUsing Web App,Report Generator,Report Generator2Report generator3,22.081,7.1
ID,OUTFIELD1,OUTFIELD2,OUTFIELD3,OUTFIELD4,OUTFIELD5
,Upload ReposrtsUsing Web App,Report Generator,Report Generator2Report generator3,22.081,7.1
ID,OUTFIELD1,OUTFIELD2,OUTFIELD3,OUTFIELD4,OUTFIELD5
,Upload ReposrtsUsing Web App,Report Generator,Report Generator2Report generator3,22.081,7.1
ID,OUTFIELD1,OUTFIELD2,OUTFIELD3,OUTFIELD4,OUTFIELD5
,Upload ReposrtsUsing Web App,Report Generator,Report Generator2Report generator3,22.081,7.1
ID,OUTFIELD1,OUTFIELD2,OUTFIELD3,OUTFIELD4,OUTFIELD5
,Upload ReposrtsUsing Web App,Report Generator,Report Generator2Report generator3,22.081,7.1
ID,OUTFIELD1,OUTFIELD2,OUTFIELD3,OUTFIELD4,OUTFIELD5
,Upload ReposrtsUsing Web App,Report Generator,Report Generator2Report generator3,22.081,7.1
ID,OUTFIELD1,OUTFIELD2,OUTFIELD3,OUTFIELD4,OUTFIELD5
,Upload ReposrtsUsing Web App,Report Generator,Report Generator2Report generator3,22.081,7.1
ID,OUTFIELD1,OUTFIELD2,OUTFIELD3,OUTFIELD4,OUTFIELD5
,Upload ReposrtsUsing Web App,Report Generator,Report Generator2Report generator3,22.081,7.1
ID,OUTFIELD1,OUTFIELD2,OUTFIELD3,OUTFIELD4,OUTFIELD5
,Upload ReposrtsUsing Web App,Report Generator,Report Generator2Report generator3,22.081,7.1
ID,OUTFIELD1,OUTFIELD2,OUTFIELD3,OUTFIELD4,OUTFIELD5
,Upload ReposrtsUsing Web App,Report Generator,Report Generator2Report generator3,22.081,7.1
ID,OUTFIELD1,OUTFIELD2,OUTFIELD3,OUTFIELD4,OUTFIELD5
,Upload ReposrtsUsing Web App,Report Generator,Report Generator2Report generator3,22.081,7.1
ID,OUTFIELD1,OUTFIELD2,OUTFIELD3,OUTFIELD4,OUTFIELD5
,Upload ReposrtsUsing Web App,Report Generator,Report Generator2Report generator3,22.081,7.1
ID,OUTFIELD1,OUTFIELD2,OUTFIELD3,OUTFIELD4,OUTFIELD5
,Upload ReposrtsUsing Web App,Report Generator,Report Generator2Report generator3,22.081,7.1
ID,OUTFIELD1,OUTFIELD2,OUTFIELD3,OUTFIELD4,OUTFIELD5
,Upload ReposrtsUsing Web App,Report Generator,Report Generator2Report generator3,22.081,7.1
ID,OUTFIELD1,OUTFIELD2,OUTFIELD3,OUTFIELD4,OUTFIELD5
,Upload ReposrtsUsing Web App,Report Generator,Report Generator2Report generator3,22.081,7.1
ID,OUTFIELD1,OUTFIELD2,OUTFIELD3,OUTFIELD4,OUTFIELD5
,Upload ReposrtsUsing Web App,Report Generator,Report Generator2Report generator3,22.081,7.1
ID,OUTFIELD1,OUTFIELD2,OUTFIELD3,OUTFIELD4,OUTFIELD5
,Upload ReposrtsUsing Web App,Report Generator,Report Generator2Report generator3,22.081,7.1
ID,OUTFIELD1,OUTFIELD2,OUTFIELD3,OUTFIELD4,OUTFIELD5
,Upload ReposrtsUsing Web App,Report Generator,Report Generator2Report generator3,22.081,7.1
ID,OUTFIELD1,OUTFIELD2,OUTFIELD3,OUTFIELD4,OUTFIELD5
,Upload ReposrtsUsing Web App,Report Generator,Report Generator2Report generator3,22.081000,7.10
,Upload ReposrtsUsing Web App,Report Generator,Report Generator2Report generator3,22.081000,7.10
,Upload ReposrtsUsing Web App,Report Generator,Report Generator2Report generator3,22.081000,7.10
,Upload ReposrtsUsing Web App,Report Generator,Report Generator2Report generator3,22.081000,7.10
,Upload ReposrtsUsing Web App,Report Generator,Report Generator2Report generator3,22.081000,7.10
,Upload ReposrtsUsing Web App,Report Generator,Report Generator2Report generator3,22.081000,7.10
,Upload ReposrtsUsing Web App,Report Generator,Report Generator2Report generator3,22.081000,7.10
,Upload ReposrtsUsing Web App,Report Generator,Report Generator2Report generator3,22.081000,7.10
,Upload ReposrtsUsing Web App,Report Generator,Report Generator2Report generator3,22.081000,7.10
,Upload ReposrtsUsing Web App,Report Generator,Report Generator2Report generator3,22.081000,7.10
,Upload ReposrtsUsing Web App,Report Generator,Report Generator2Report generator3,22.081000,7.10
,Upload ReposrtsUsing Web App,Report Generator,Report Generator2Report generator3,22.081000,7.10
ID,OUTFIELD1,OUTFIELD2,OUTFIELD3,OUTFIELD4,OUTFIELD5
,Upload ReposrtsUsing Web App,Report Generator,Report Generator2Report generator3,22.081,7.1
ID,OUTFIELD1,OUTFIELD2,OUTFIELD3,OUTFIELD4,OUTFIELD5
,Upload ReposrtsUsing Web App,Report Generator,Report Generator2Report generator3,22.081,7.1
ID,OUTFIELD1,OUTFIELD2,OUTFIELD3,OUTFIELD4,OUTFIELD5
,Upload ReposrtsUsing Web App,Report Generator,Report Generator2Report generator3,22.081,7.1
ID,OUTFIELD1,OUTFIELD2,OUTFIELD3,OUTFIELD4,OUTFIELD5
,Upload ReposrtsUsing Web App,Report Generator,Report Generator2Report generator3,22.081,7.1
ID,OUTFIELD1,OUTFIELD2,OUTFIELD3,OUTFIELD4,OUTFIELD5
,Upload ReposrtsUsing Web App,Report Generator,Report Generator2Report generator3,22.081,7.1
ID,OUTFIELD1,OUTFIELD2,OUTFIELD3,OUTFIELD4,OUTFIELD5
,Upload ReposrtsUsing Web App,Report Generator,Report Generator2Report generator3,22.081,7.1
ID,OUTFIELD1,OUTFIELD2,OUTFIELD3,OUTFIELD4,OUTFIELD5
,Upload ReposrtsUsing Web App,Report Generator,Report Generator2Report generator3,22.081,7.1
ID,OUTFIELD1,OUTFIELD2,OUTFIELD3,OUTFIELD4,OUTFIELD5
,Upload ReposrtsUsing Web App,Report Generator,Report Generator2Report generator3,22.081,7.1
